1,Quantum Coding Tips,Unleash efficient algorithms boost productivity with coding insights,2022-03-15,1,1
2,Global Wanderlust,Explore hidden gems cultural wonders in our travel escapades series,2021-08-27,1,2
3,Lunar Meditation,Serenity found in moonlit reflections guiding your mindfulness journey,2022-11-09,2,3
4,Gourmet Fusion Delights,Culinary artistry meets exotic flavors—indulge in delightful fusion recipes,2021-05-18,2,4
5,Tech Harmony,Discover seamless integration strategies for optimal tech synergy,2022-09-02,3,5
6,Velvet Sky Adventures,Soar through celestial wonders in our mesmerizing sky exploration,2021-12-30,3,6
7,Eco-Friendly Living,Small changes big impact—transform your lifestyle for a greener planet,2022-06-21,4,7
8,Quantum Travel,Warp-speed insights into futuristic travel destinations and innovations,2021-02-14,4,8
9,Ethereal Recipes,Heavenly flavors ethereal creations—experience culinary magic in every bite,2022-04-07,5,9
10,Zen Tech Insights,Balance work and mindfulness with these tech-savvy zen practices,2021-10-12,5,10
11,Viggos Magazine,Idag har vi fått lära oss Entity Framework,1998-01-25,1,1
12,Mannes Lecture,Hur man sätter upp SQLite,2024-01-10,1,2
13,Klas klättring,För att komma ner för repet igen måste du..,2024-01-16,2,3
14,Arvid Rescenserar,Valentino pizzeria får 1/5 i betyg.. för ostig!,2024-01-16,4,6